id,species,date_seen,lat,long
785,horses,2020-02-28,44.454680165701284,11.357033171593539
786,horses,2020-02-25,44.494909209717356,11.275373955473325
787,horses,2020-02-22,44.53796924868187,11.446840865104175
788,horses,2020-02-16,44.51297092406046,11.313079210085327
789,horses,2020-02-12,44.457405856707354,11.308297521032143
790,horses,2020-02-20,44.536159866266765,11.534857415939719
791,horses,2020-02-29,44.2324597633581,10.99411583373137
792,horses,2020-02-20,44.50394227236045,11.37550015353791
793,horses,2020-03-05,44.41878652019197,11.359507954795543
794,horses,2020-02-29,44.43687219030937,11.401340473792118
795,horses,2020-03-04,44.52175821316427,11.273143377899842
796,horses,2020-02-27,44.508406559303566,11.211318382436778
797,horses,2020-02-25,44.46910861594773,11.36420750467744
798,horses,2020-02-29,44.32653912058289,11.184627649649016
799,horses,2020-02-03,44.68802347084974,11.339933558369664
800,horses,2020-03-04,44.53120522471848,11.330541101614722
801,horses,2020-03-03,44.50554983686858,11.149951663747816
802,horses,2020-02-28,44.53026577523361,11.387127277053356
803,horses,2020-03-06,44.533786589075675,11.283108326794244
804,horses,2020-02-26,44.23066157580712,11.207838765000679
805,horses,2020-02-25,44.520448305075995,11.532868292838343
806,horses,2020-03-04,44.5112964034211,11.378446156883705
807,horses,2020-02-11,44.496277879497285,11.352063005258062
808,horses,2020-03-01,44.50028711913266,11.33795002744288
809,horses,2020-02-27,44.42987419893562,11.375272750372297
810,horses,2020-03-06,44.3027482938198,10.752537821237743
811,horses,2020-03-01,44.52366498177755,11.42508653625924
812,horses,2020-03-04,44.529228038170864,11.521736248689436
813,horses,2020-03-06,44.59132268368048,11.166173666625335
814,horses,2020-03-07,44.49573421788893,11.346750777489236
815,horses,2020-03-05,44.591497066065884,11.144893322667187
816,horses,2020-02-29,44.47460806554009,11.358814563037793
817,horses,2020-02-28,44.47329756110962,11.372505498108941
818,horses,2020-03-06,44.48071545136715,11.35323263530818
819,horses,2020-03-02,44.479111364893065,11.290213814154582
820,horses,2020-03-05,44.47060906361426,11.371683780098694
821,horses,2020-03-03,44.40835917520584,11.370627705392835
822,horses,2020-03-05,44.45453405292756,11.1150057979802
823,horses,2020-02-29,44.64315317928219,11.399268415633943
824,horses,2020-03-02,44.47786165672053,11.437681009441821
825,horses,2020-03-01,44.546684117652966,11.224766978590624
826,horses,2020-03-05,44.42474397779094,11.262280828511932
827,horses,2020-03-01,44.486481855349865,11.366342435022602
828,horses,2020-03-08,44.7517935283566,11.112841041017289
829,horses,2020-02-28,44.45664756269426,11.33894674956219
830,horses,2020-03-08,44.49246109590954,11.349880774776013
831,horses,2020-03-10,44.74488890874241,11.143723575594874
832,horses,2020-03-08,44.45559555766296,11.430134516720353
833,horses,2020-03-07,44.50837554656012,11.319873942089071
834,horses,2020-03-09,44.50278395535527,11.31165347393433
835,horses,2020-03-02,44.5138933039105,11.278475960657463
836,horses,2020-03-02,44.459789866818724,11.39282250000669
837,horses,2020-03-07,44.428926537150396,11.070767086403945
838,horses,2020-03-10,44.470685368146746,11.282792986236965
839,horses,2020-03-03,44.67101588715988,11.650413609655404
840,horses,2020-03-04,44.36986110653812,11.222710741160155
841,horses,2020-03-03,44.55158819535083,11.376634846954722
842,horses,2020-03-02,44.533768193634934,11.494184683354428
843,horses,2020-03-05,44.45506144249218,11.375585791917517
844,horses,2020-03-07,44.57047108209552,11.216706399827197
845,horses,2020-03-04,44.55322846931331,11.171012935510875
846,horses,2020-03-05,44.56465292231062,11.190995920526788
847,horses,2020-02-29,44.533019040712155,11.51691700444658
848,horses,2020-03-08,44.52720196465988,11.387151272672245
849,horses,2020-03-03,44.419369111196865,11.451225218820188
850,horses,2020-02-15,44.49796356034553,11.275218826587958
851,horses,2020-03-07,44.52183967822983,11.484442048726622
852,horses,2020-03-10,44.47267814513149,11.391708511612464
853,horses,2020-03-02,44.52841556876653,11.316332193496667
854,horses,2020-03-02,44.48158064304975,11.396178877596714
855,horses,2020-02-29,44.48004240812672,11.31055796967358
856,horses,2020-02-25,44.48628358550379,11.284051383274207
857,horses,2020-02-29,44.48796368815008,11.262122822987497
858,horses,2020-03-04,44.462941431539086,11.317539086612792
859,horses,2020-03-08,44.499606076058974,11.340921470081694
860,horses,2020-03-01,44.37177234330979,11.419021322862767
861,horses,2020-02-27,44.466470684428614,11.328532538438642
862,horses,2020-03-06,44.53699540670542,11.355679006177276
863,horses,2020-03-05,44.414655618617935,11.272191754064158
864,horses,2020-02-27,44.25473320976336,11.328057033652035
865,horses,2020-03-08,44.62737760953979,11.46081081419911
866,horses,2020-03-05,44.47478935052966,11.212155751293032
867,horses,2020-03-04,44.4365693607481,11.133171474734594
868,horses,2020-03-05,44.16860707850763,10.973942763583478
869,horses,2020-03-10,44.514405347376645,11.418382828405013
870,horses,2020-03-03,44.552813389693206,11.138124417090644
871,horses,2020-03-09,44.4706614095241,11.403810207499603
872,horses,2020-03-05,44.48023841356154,11.364659603001389
873,horses,2020-03-10,44.471631136843634,11.35502383680813
874,horses,2020-03-06,44.45773094535332,11.26114302283771
875,horses,2020-03-06,44.39907947151671,11.264037043775087
876,horses,2020-02-29,44.454665952707956,11.366109547590966
877,horses,2020-03-03,44.53283445389244,11.197380726966214
878,horses,2020-03-05,44.46200132920318,11.273314857005905
879,horses,2020-03-08,44.4860366763436,11.272717512368988
880,horses,2020-02-28,44.524653101128216,11.323399072436349
881,horses,2020-03-07,44.529195665704385,11.259019748911127
882,horses,2020-03-08,44.550952158273965,11.330052462355068
883,horses,2020-03-06,44.53685811520119,11.17233871202071
884,horses,2020-03-08,44.53885165726689,11.460432325544343
885,horses,2020-03-03,44.492608057747894,11.319505063043806
886,horses,2020-03-11,44.51594543005923,11.361548356364265
887,horses,2020-03-09,44.50958647912041,11.439510382590946
888,horses,2020-03-11,44.50299899245207,11.348642948975714
889,horses,2020-03-06,44.47985237355437,11.5700066382987
890,horses,2020-03-11,44.51752968212359,11.450697649819539
891,horses,2020-03-08,44.50915673767934,11.305090807003786
892,horses,2020-03-07,44.56966922456323,11.465269238017196
893,horses,2020-03-06,44.50571723317438,11.290338931849265
894,horses,2020-03-05,44.5226448069591,11.426868294427736
895,horses,2020-03-03,44.47880414968337,11.278380027125515
896,horses,2020-03-11,44.4667385994324,11.347311684877443
897,horses,2020-03-10,44.45186026648667,11.383029804858376
898,horses,2020-03-04,44.49166664292004,11.446993616508827
899,horses,2020-03-04,44.47142889998633,11.094139868519047
900,horses,2020-02-29,44.399557222795494,11.388615030308614
901,horses,2020-03-08,44.53201746688909,11.328242084139259
902,horses,2020-03-11,44.470638169179004,11.326763825951184
903,horses,2020-03-02,44.436395845282526,11.358911470578947
904,horses,2020-03-11,44.51831512950714,11.403545234259427
905,horses,2020-02-29,44.499881552845515,11.338945555768502
906,horses,2020-03-10,44.49806140807294,11.277175196828832
907,horses,2020-03-08,44.591581568653304,11.64184543170546
908,horses,2020-03-12,44.51174974147923,11.409962457084582
909,horses,2020-03-06,44.49968757171504,11.306543186402125
910,horses,2020-03-12,44.52478794928757,11.381647586452464
911,horses,2020-03-06,44.47087570046459,11.293654787275653
912,horses,2020-03-08,44.46457704621545,11.316368504654633
913,horses,2020-03-11,44.52906023065355,11.2731405280694
914,horses,2020-03-10,44.519637264785985,11.320608492460108
915,horses,2020-03-04,44.48647564674281,11.27919922585986
916,horses,2020-03-10,44.5116084331926,11.327723479405035
917,horses,2020-03-11,44.66612777871987,11.542122934008605
918,horses,2020-03-10,44.59320562062567,11.233732997467479
919,horses,2020-03-07,44.48053532080602,11.650993769601122
920,horses,2020-03-03,44.558825885913436,11.365402036158553
921,horses,2020-03-12,44.5619201601048,11.34520755800594
922,horses,2020-03-04,44.47476934490694,11.252366049895086
923,horses,2020-03-06,44.48928542021685,11.376430433867846
924,horses,2020-03-03,44.564731516180956,11.164002867458013
925,horses,2020-03-05,44.47926182422546,11.19544476626717
926,horses,2020-03-08,44.523642513404766,11.312259991814882
927,horses,2020-03-07,44.50999173085196,11.381221188027139
928,horses,2020-03-09,44.496781674067414,11.344876914454861
929,horses,2020-03-03,44.609343878402505,10.85354107614324
930,horses,2020-03-09,44.47020024125858,11.379975664490328
931,horses,2020-03-04,44.43612748565614,11.308583007688128
932,horses,2020-03-06,44.488865170269015,11.341006233492067
933,horses,2020-03-11,44.47871173834014,11.394299454944685
934,horses,2020-03-07,44.51923962994842,11.423961351694947
935,horses,2020-03-05,44.53223590004014,11.310448265271932
936,horses,2020-03-11,44.525986528910224,11.338406923857043
937,horses,2020-03-05,44.53152047219446,11.278299017856641
938,horses,2020-03-03,44.501992211076804,11.40024659603864
939,horses,2020-03-09,44.538268151597116,11.28871576163949
940,horses,2020-03-10,44.524444783927265,11.489822232659117
941,horses,2020-03-06,44.503697732500164,11.284940058390207
942,horses,2020-02-28,44.512272526383356,11.426913947416706
943,horses,2020-03-12,44.468920958391564,11.408392973760314
944,horses,2020-03-02,44.621807900129,11.459879606229563
945,horses,2020-02-26,44.52698031634353,11.280486838952589
946,horses,2020-03-02,44.53657804593957,11.307783106477055
947,horses,2020-03-06,44.72133775615586,11.259152185472002
948,horses,2020-03-09,44.46348448306293,11.37824258861167
949,horses,2020-03-12,44.50104182659601,11.34113599168916
950,horses,2020-03-11,44.502283918663316,11.127806479212797
951,horses,2020-03-05,44.5049665367731,11.53400736143329
952,horses,2020-03-03,44.5009849677921,11.414270950060484
953,horses,2020-03-07,44.446255146596485,11.369673050556582
954,horses,2020-03-12,44.774809275031956,11.413390639621227
955,horses,2020-03-04,44.56440626506154,11.286888199886338
956,horses,2020-02-26,44.52109842657786,11.317948704460706
957,horses,2020-03-05,44.5340006871133,11.440254968665453
958,horses,2020-03-10,44.520057435670765,11.336458504902115
959,horses,2020-03-03,44.68289071551737,11.658692620155442
960,horses,2020-03-09,44.539170275056954,11.569204300241342
961,horses,2020-03-04,44.54054098274117,11.281765507760564
962,horses,2020-03-13,44.44749963655464,11.365126535107553
963,horses,2020-03-11,44.48954774292449,11.38698308505333
964,horses,2020-03-12,44.50764166059326,11.378288269714231
965,horses,2020-03-06,44.49157861026098,11.320887980840913
966,horses,2020-03-12,44.49583113376025,11.310940158727115
967,horses,2020-03-13,44.542710634974654,11.409231487095333
968,horses,2020-03-08,44.549030377636576,11.2528972945392
969,horses,2020-03-04,44.4605063981666,11.345668624750921
970,horses,2020-02-29,44.47908407005343,11.367985142624626
971,horses,2020-03-12,44.53837819896402,11.284053304847905
972,horses,2020-03-12,44.51513667729959,11.385218383222984
973,horses,2020-03-09,44.47960332524694,11.298951027106144
974,horses,2020-03-10,44.57209799445507,11.16323524772373
975,horses,2020-03-12,44.58380568138087,11.42189791042347
976,horses,2020-03-13,44.44249634154054,11.410137120732935
977,horses,2020-03-13,44.4811284584965,11.255945716127055
978,horses,2020-03-03,44.484775271482356,11.305078860939801
979,horses,2020-03-11,44.50085457539824,11.32164681258596
980,horses,2020-03-13,44.43696312430763,11.235833512224085
981,horses,2020-03-14,44.49967763457008,11.278494059870322
982,horses,2020-03-14,44.469894207803044,11.268099384117624
983,horses,2020-03-09,44.4250909278498,11.23781843613443
984,horses,2020-03-06,44.54277561836527,11.346789667528087
985,horses,2020-03-13,44.53474917844371,11.479358184690453
986,horses,2020-03-11,44.68750917817556,11.126069699341318
987,horses,2020-03-13,44.51868280690409,11.416537606010584
988,horses,2020-03-12,44.58238920544368,11.477192888351237
989,horses,2020-03-10,44.586231277879996,11.712489088299966
990,horses,2020-03-10,44.54613259863133,11.34351456907987
991,horses,2020-03-06,44.501405284736514,11.321470500545969
992,horses,2020-03-13,44.417346671447774,11.447976591819222
993,horses,2020-03-11,44.435469892586255,11.388607658195463
994,horses,2020-03-14,44.526800460564395,11.31790354413705
995,horses,2020-03-07,44.648629759648465,11.186642215692185
996,horses,2020-03-15,44.513746979704685,11.30754164608353
997,horses,2020-03-05,44.50305813364525,11.38171725962355
998,horses,2020-03-07,44.71750526965059,11.30438162578193
999,horses,2020-03-13,44.42761626540887,11.287675604586365
1000,horses,2020-03-03,44.50853488231128,11.311090525768233
1001,horses,2020-03-05,44.50225869627744,11.321035949352641
1002,horses,2020-03-14,44.58985200376614,11.413310115344673
1003,horses,2020-03-04,44.4883551910187,11.27078399624909
1004,horses,2020-03-08,44.46926503169688,11.311389338982638
1005,horses,2020-03-13,44.51963743480386,11.33735580195082
1006,horses,2020-03-07,44.126399623926716,11.011264483682169
1007,horses,2020-03-15,44.48417708316971,11.277931474012542
1008,horses,2020-03-12,44.45206902272535,11.27012457577847
1009,horses,2020-02-13,44.569192643252244,11.153384712899934
1010,horses,2020-03-13,44.44812601197425,11.306398089773111
1011,horses,2020-03-03,44.62638020237317,11.342425277548196
1012,horses,2020-03-05,44.47481398871751,11.320092636731287
1013,horses,2020-03-01,44.46904791924016,11.39499841955251
1014,horses,2020-03-09,44.418667025575964,11.133517884746594
1015,horses,2020-03-13,44.66342302138511,11.175423784257127
1016,horses,2020-03-12,44.36239397974187,11.204852270851092
1017,horses,2020-03-06,44.638789658513915,11.426906147079857
1018,horses,2020-03-06,44.54158555554074,11.177372196276592
1019,horses,2020-03-07,44.53549159065186,11.166577458176226
1020,horses,2020-03-09,44.44425872064456,11.33604135229656
1021,horses,2020-03-11,44.554945735707136,11.48826762300044
1022,horses,2020-03-07,44.50881383316268,11.17588216302909
1023,horses,2020-03-04,44.51502820535163,11.094410435177743
1024,horses,2020-03-10,44.508251520485196,11.18886889532198
1025,horses,2020-03-12,44.59390058195308,11.66626007284501
1026,horses,2020-03-09,44.51660210721853,11.348346870910072
1027,horses,2020-03-08,44.5327209918753,11.464853545540016
1028,horses,2020-03-06,44.47746526776495,11.388996287739316
1029,horses,2020-03-08,44.53258842302266,11.491053723508495
1030,horses,2020-03-07,44.682415944210426,11.297670603799013
1031,horses,2020-03-12,44.4901164059575,11.269080630517736
1032,horses,2020-03-16,44.490695865754816,11.301456553644705
1033,horses,2020-03-06,44.84391778946258,11.65012437796699
1034,horses,2020-03-06,44.524980365880666,11.339795686279206
1035,horses,2020-03-13,44.34867556380633,11.696606405796551
1036,horses,2020-03-04,44.46326083419495,11.653958821911106
1037,horses,2020-03-13,44.54018509370522,11.368757350005627
1038,horses,2020-03-12,44.430187625095975,11.440322919800874
1039,horses,2020-03-09,44.47416828637337,11.35162448563035
1040,horses,2020-03-05,44.26907934175057,11.276918585334418
1041,horses,2020-03-10,44.54269207692373,11.444308181223283
1042,horses,2020-03-11,44.466322223259965,11.362199371700452
1043,horses,2020-03-14,44.63877498515422,11.453206569126129
1044,horses,2020-03-09,44.54545074236745,11.350455870463772
1045,horses,2020-03-13,44.50758849248495,11.340425236875246
1046,horses,2020-03-14,44.50977960038419,11.380678427590036
1047,horses,2020-03-14,44.46226853550417,11.339976830741277
1048,horses,2020-03-07,44.51741672296193,11.292126275800445
1049,horses,2020-03-08,44.47964155649346,11.36115855567379
1050,horses,2020-03-07,44.523627980371764,11.302308854831926
1051,horses,2020-03-12,44.56073725660262,11.339182465041558
1052,horses,2020-03-08,44.514097866938364,11.322829129537284
1053,horses,2020-03-07,44.51809568443206,11.267813972701443
1054,horses,2020-03-16,44.488833096679414,11.450328137697722
1055,horses,2020-03-13,44.46021752208613,11.404725089522383
1056,horses,2020-03-08,44.45011213270288,11.411639751439898
1057,horses,2020-03-11,44.47672566310098,11.277848494259484
1058,horses,2020-03-09,44.648273874344135,11.640115988141401
1059,horses,2020-03-13,44.47898121035706,11.39482206396999
1060,horses,2020-03-15,44.724289800398665,11.219133556998164
1061,horses,2020-03-11,44.4721806996154,11.197580501114256
1062,horses,2020-03-09,44.48293553465405,11.389207378193678
1063,horses,2020-03-13,44.527376823186515,11.385897791233614
1064,horses,2020-03-11,44.580776026249886,11.320321497432401
1065,horses,2020-03-09,44.54166994671049,11.390398052509944
1066,horses,2020-03-12,44.48298782765378,11.34263940071683
1067,horses,2020-03-16,44.51084454660317,11.329993299099481
1068,horses,2020-03-16,44.555240023104105,11.065398517324642
1069,horses,2020-03-06,44.49001687348921,11.385001565360792
1070,horses,2020-03-11,44.45753903128469,11.326900716502674
1071,horses,2020-03-16,44.46905205463638,11.404113858456482
1072,horses,2020-03-13,44.46861473944951,11.325758875271225
1073,horses,2020-03-08,44.790392361994854,11.244811487435372
1074,horses,2020-03-08,44.51679779391774,11.290608574696424
1075,horses,2020-03-12,44.69371403702656,11.191871584576177
1076,horses,2020-03-16,44.543743996028624,11.490421606404212
1077,horses,2020-03-07,44.498891303042555,11.325348968444473
1078,horses,2020-03-10,44.51833356492898,11.374513551176149
1079,horses,2020-03-05,44.46970722839614,11.381446812460409
1080,horses,2020-03-07,44.39191023371096,11.164009019372102
1081,horses,2020-03-10,44.4268398707245,11.17901745896136
1082,horses,2020-03-16,44.50012863352153,11.372783005839844
1083,horses,2020-03-08,44.5856065800253,11.6896080289615
1084,horses,2020-03-14,44.44920634053345,11.419581020003603
1085,horses,2020-03-16,44.59742872178767,11.704799833821252
1086,horses,2020-03-04,44.5088750232135,11.246657922377722
1087,horses,2020-03-10,44.60772603108288,11.68243297200721
1088,horses,2020-03-10,44.41443255536622,11.24079838864185
1089,horses,2020-03-09,44.496970111585284,11.347758475223648
1090,horses,2020-03-07,44.455041223100615,11.384656509070554
1091,horses,2020-03-07,44.753913981916014,11.511521459184518
1092,horses,2020-02-20,44.49994120921576,11.35917449422952
1093,horses,2020-03-15,44.47977653660489,11.415607764469131
1094,horses,2020-03-06,44.50687829005181,11.63372403132323
1095,horses,2020-03-02,44.50193870990204,11.622125235819878
1096,horses,2020-03-13,44.38335424000629,11.358183686752664
1097,horses,2020-03-13,44.506272725930536,11.359913480108641
1098,horses,2020-03-06,44.644982786372395,11.60896709218838
1099,horses,2020-03-11,44.50875671314625,11.483507760930033
1100,horses,2020-03-10,44.506085271254335,11.311374095060087
1101,horses,2020-03-10,44.4611931982413,11.381193581140986
1102,horses,2020-03-04,44.50997466775415,11.350852272418829
1103,horses,2020-03-04,44.48329057559268,11.361051764777693
1104,horses,2020-03-12,44.46865063372577,11.291548716835454
1105,horses,2020-03-13,44.51306073730901,11.361248109159243
1106,horses,2020-03-11,44.496965355327376,11.106474710720589
1107,horses,2020-03-05,44.521281811016145,11.354229046294359
1108,horses,2020-03-08,44.7318369862266,11.413260514567071
1109,horses,2020-03-12,44.4875905200712,11.363484880741897
1110,horses,2020-03-14,44.44706001095857,11.357197089908114
1111,horses,2020-03-11,44.534284799350395,11.173231052833643
1112,horses,2020-03-12,44.45552826465204,11.355210540252413
1113,horses,2020-03-10,44.4392262114786,11.306578383057097
1114,horses,2020-03-09,44.501243304429394,11.332393214837
1115,horses,2020-03-09,44.49920401824564,11.265001776127892
1116,horses,2020-03-14,44.583565240845054,11.182789571604703
1117,horses,2020-03-12,44.49383967306833,11.236474206470596
1118,horses,2020-03-07,44.50523164356654,11.389597518209687
1119,horses,2020-03-09,44.49314202438396,11.392399419507896
1120,horses,2020-03-09,44.517070559628024,11.412950598760684
1121,horses,2020-03-07,44.25590861635663,11.100104987094273
1122,horses,2020-03-14,44.573159136847195,11.414048295130891
1123,horses,2020-03-18,44.52375662957932,11.32586636280306
1124,horses,2020-03-16,44.51893245365729,11.40119407769103
1125,horses,2020-03-11,44.4598784789616,11.397038266897734
1126,horses,2020-03-07,44.47552311968564,11.341832071577658
1127,horses,2020-03-05,44.48139126990581,11.375833115295283
1128,horses,2020-03-11,44.461287760823,11.339418651991819
1129,horses,2020-03-08,44.713769604211606,11.391570695533972
1130,horses,2020-03-10,44.55516709075666,11.385624782279061
1131,horses,2020-03-11,44.51811121359421,11.35232186107468
1132,horses,2020-03-13,44.503840310801706,11.288770948535737
1133,horses,2020-03-11,44.6260143770369,11.351872396946181
1134,horses,2020-03-07,44.496988130859364,11.331748629509873
1135,horses,2020-03-05,44.4844295805625,11.29967102700482
1136,horses,2020-03-13,44.14864227721491,11.175167119888101
1137,horses,2020-03-11,44.49006525174791,11.226575171572694
1138,horses,2020-03-09,44.48858075280807,11.325993450427852
1139,horses,2020-03-15,44.50217545006818,11.065691668231723
1140,horses,2020-03-06,44.50055643908817,11.320842182564249
1141,horses,2020-03-09,44.5205590580754,11.319103554706683
1142,horses,2020-03-13,44.47109266736991,11.327812461477496
1143,horses,2020-03-10,44.665150720091106,11.109064133324328
1144,horses,2020-03-02,44.55753953573286,11.243263473445433
1145,horses,2020-03-11,44.371543841427574,11.351940968764684
1146,horses,2020-03-04,44.56575870772557,11.392909775407002
1147,horses,2020-03-09,44.502707080445354,11.378851255235368
1148,horses,2020-03-11,44.33678945462389,11.363500779831492
1149,horses,2020-03-14,44.62954508868832,11.190981912013093
1150,horses,2020-03-14,44.591679882071894,11.159580874439351
1151,horses,2020-03-04,44.44612946059118,11.293198865281099
1152,horses,2020-03-08,44.53426638728947,11.377193425080812
1153,horses,2020-03-13,44.51809651356064,11.307770710657765
1154,horses,2020-03-14,44.46703416743731,11.240969599840966
1155,horses,2020-03-16,44.42273282603735,11.277515262551926
1156,horses,2020-03-10,44.497916276522254,11.250899691275267
1157,horses,2020-03-14,44.51023841011733,11.213959848053587
1158,horses,2020-03-16,44.52750058991566,11.462864950382816
1159,horses,2020-03-16,44.566234103475146,11.458010771277323
1160,horses,2020-03-12,44.54393646457833,11.469116502152474
1161,horses,2020-03-14,44.490000561261205,11.41462579389522
1162,horses,2020-03-17,44.555842710340976,11.4219895513155
1163,horses,2020-03-07,44.476962811282824,11.355014934846198
453,donkeys,2020-03-05,44.441584418530816,11.293070850360715
85,donkeys,2020-03-11,44.66026750723747,11.477172350718703
42,donkeys,2020-03-19,44.48921331097441,11.396136460806867
427,donkeys,2020-02-24,44.47943579618877,11.324427771207242
309,donkeys,2020-03-04,44.66826588982314,11.503103284181762
582,donkeys,2020-03-17,44.68072256688285,11.276043426248064
30,donkeys,2020-03-10,44.55081907506193,11.251780263167527
235,donkeys,2020-03-10,44.597465779911175,11.364592184383053
157,donkeys,2020-03-13,44.69699855176754,11.22726118702683
73,donkeys,2020-03-02,44.4650929479531,11.308245078448046
289,donkeys,2020-03-13,44.53314008210135,11.348427895899103
268,donkeys,2020-03-14,44.4863252179708,11.2637782543338
2,donkeys,2020-02-27,44.49308617512548,11.423139228273884
366,donkeys,2020-02-29,44.48445984110524,11.361178977734252
742,donkeys,2020-02-29,44.61025345174136,11.420227618436389
539,donkeys,2020-03-01,44.512180730977555,11.252076599484807
177,donkeys,2020-03-06,44.486587945780435,11.277870050872423
695,donkeys,2020-03-07,44.517258964211564,11.281931796881718
540,donkeys,2020-03-10,44.25488426071635,11.272175507595094
536,donkeys,2020-03-11,44.46837353889475,11.380150953591409
535,donkeys,2020-03-12,44.545967665225206,11.26079867444373
534,donkeys,2020-03-13,44.491977848561156,11.29329940164623
537,donkeys,2020-03-13,44.43376084069125,11.404748929190319
55,donkeys,2020-03-14,44.49734924080265,11.371560044511593
601,donkeys,2020-02-28,44.73790679312173,11.380673345214577
115,donkeys,2020-02-29,44.500361489397434,11.370821425015215
693,donkeys,2020-03-03,44.491036099211165,11.354611562473638
282,donkeys,2020-03-07,44.27652903377099,11.116196736169755
165,donkeys,2020-03-08,44.575718578547,11.544634696163216
445,donkeys,2020-03-08,44.48053488341445,11.311609592633216
600,donkeys,2020-03-08,44.48588179142761,11.43464627495735
609,donkeys,2020-03-09,44.699970546910585,11.413985271763437
462,donkeys,2020-03-10,44.517130122962016,11.299613910594537
24,donkeys,2020-03-12,44.51355274005746,11.367945476755247
199,donkeys,2020-03-12,44.504203098583545,11.37301455813687
9,donkeys,2020-03-04,44.57085072280553,11.344848924961932
36,donkeys,2020-03-07,44.714784618839516,11.39643470643664
542,donkeys,2020-03-07,44.48604157458027,11.399179854536051
26,donkeys,2020-03-08,44.65756239322006,11.361969901837126
23,donkeys,2020-03-09,44.6013338582145,11.36844010044977
400,donkeys,2020-03-09,44.43767470917494,11.367896442273482
460,donkeys,2020-03-09,44.42843229737645,11.394868552371584
161,donkeys,2020-03-10,44.59288340481994,11.360877201462186
25,donkeys,2020-03-11,44.61304523877028,11.3815165470649
49,donkeys,2020-03-11,44.521194420296716,11.402978249281537
516,donkeys,2020-03-11,44.5371307363818,11.34909705319866
60,donkeys,2020-03-13,44.48556324923071,11.251825998081062
107,donkeys,2020-03-13,44.3854099257813,11.547329521935024
421,donkeys,2020-03-13,44.421803790376146,11.428915839339803
10,donkeys,2020-03-14,44.586912691403434,11.392263867028937
172,donkeys,2020-03-15,44.56112611619873,11.35941030252656
186,donkeys,2020-03-15,44.57307237614019,11.35260596213795
451,donkeys,2020-03-15,44.52060438524438,11.54102090467468
80,donkeys,2020-03-10,44.536454673806304,11.358562885893678
179,donkeys,2020-03-12,44.49489807914011,11.306139999155445
264,donkeys,2020-03-06,44.409926447587736,11.436546030173876
645,donkeys,2020-03-06,44.47450397628367,11.346317118734818
39,donkeys,2020-03-07,44.47228191197068,11.376749619722856
273,donkeys,2020-03-07,44.5101530047526,11.411651534485747
351,donkeys,2020-03-08,44.541875134491,11.326613030489252
356,donkeys,2020-03-08,44.49465744721753,11.319723566472264
48,donkeys,2020-03-09,44.460879867855176,11.247419907938246
575,donkeys,2020-03-09,44.467979629894494,11.24212694741854
3,donkeys,2020-03-11,44.48848916261427,11.341697661704135
167,donkeys,2020-03-11,44.404133975145626,11.218507403696394
486,donkeys,2020-03-13,44.52340986496834,11.2997939143546
174,donkeys,2020-03-14,44.45620445224138,11.33908261279169
256,donkeys,2020-03-15,44.487919457655636,11.245338960106876
367,donkeys,2020-03-16,44.5280090682631,11.282145370707113
510,donkeys,2020-03-21,44.148562787995594,10.984195438362999
139,donkeys,2020-03-01,44.54159765124064,11.320633213625472
191,donkeys,2020-03-05,44.51439544241351,11.22251173151138
43,donkeys,2020-03-07,44.49396718641541,11.269368785870753
663,donkeys,2020-03-07,44.52973165534527,11.334908508570404
28,donkeys,2020-03-08,44.53405257588911,11.396197240966284
357,donkeys,2020-03-08,44.54238840297915,11.357810915261158
38,donkeys,2020-03-09,44.4531155872774,11.417644568349289
410,donkeys,2020-03-09,44.472101043251776,11.369903173832755
17,donkeys,2020-03-10,44.49468125435513,11.352255851952181
52,donkeys,2020-03-10,44.50222814565302,11.311822353842096
56,donkeys,2020-03-10,44.49030545924963,11.380457387504457
68,donkeys,2020-03-10,44.51585096581073,11.334116601645853
585,donkeys,2020-03-10,44.50640649157095,11.37460234809563
286,donkeys,2020-03-11,44.48714474452331,11.48853746123545
629,donkeys,2020-03-11,44.527232463898386,11.340561698331843
216,donkeys,2020-03-12,44.47802023663838,11.408898107009126
457,donkeys,2020-03-12,44.53698598876962,11.368192876065336
144,donkeys,2020-03-13,44.45270575696734,11.406795010653346
448,donkeys,2020-03-13,44.46345171953044,11.325161326944757
522,donkeys,2020-03-13,44.5031407751559,11.3320990156006
79,donkeys,2020-03-15,44.447723509298534,11.306064211652062
138,donkeys,2020-03-15,44.52760223923581,11.296280576200585
128,donkeys,2020-03-16,44.70671502511642,11.459942325290296
458,donkeys,2020-03-17,44.52615593484785,11.333002478208332
517,donkeys,2020-03-17,44.52891508802866,11.351222014564756
331,donkeys,2020-03-18,44.458387755374595,11.132152766975375
446,donkeys,2020-03-19,44.473617532046944,11.360973754409375
164,donkeys,2020-03-05,44.48510173968605,11.371765376062198
168,donkeys,2020-03-06,44.680666532355126,11.54893518192234
217,donkeys,2018-02-27,44.512481095696614,11.233466376593675
204,donkeys,2020-03-04,44.688453241775285,11.259765730425638
130,donkeys,2020-03-06,44.59218301250316,11.448932427095512
189,donkeys,2020-03-06,44.51692120448432,11.302468441819649
198,donkeys,2020-03-06,44.51265732423014,11.400190046962683
12,donkeys,2020-03-07,44.53262547249461,11.354277832692144
51,donkeys,2020-03-07,44.50869497458446,11.344218309763466
111,donkeys,2020-03-07,44.51956191871674,11.339663692834986
743,donkeys,2020-03-07,44.45572278008595,11.35501224479145
324,donkeys,2020-03-08,44.463224107676396,11.511371339357556
412,donkeys,2020-03-08,44.65033524614308,11.393136995076278
450,donkeys,2020-03-08,44.37080171299023,11.225277492677131
84,donkeys,2020-03-09,44.82365611635505,11.400455686852169
112,donkeys,2020-03-09,44.6371224788262,11.180644473560584
126,donkeys,2020-03-09,44.440739334950344,11.378619062874384
251,donkeys,2020-03-09,44.47033406551115,11.546078684592398
358,donkeys,2020-03-09,44.478315074781435,11.337159016958807
415,donkeys,2020-03-09,44.488663983980764,11.366724525641294
155,donkeys,2020-03-10,44.5358310312962,11.310335283977478
411,donkeys,2020-03-10,44.51099544870381,11.304872360721365
14,donkeys,2020-03-11,44.46146851145233,11.320171870426647
15,donkeys,2020-03-11,44.58227949726211,11.176688381147777
44,donkeys,2020-03-11,44.52010103768909,11.338885158309077
200,donkeys,2020-03-11,44.55392880578775,11.47154874189432
97,donkeys,2020-03-12,44.59735354246149,11.383668131960897
285,donkeys,2020-03-12,44.45994018565137,11.339150249800014
315,donkeys,2020-03-12,44.66491047286224,11.654204158863255
121,donkeys,2020-03-15,44.485104411712626,11.302523348079452
181,donkeys,2020-03-15,44.50032760234536,11.390733701011593
187,donkeys,2020-03-16,44.518818330460185,11.386683580768667
393,donkeys,2020-03-16,44.53476118105087,11.281317770325085
371,donkeys,2020-03-17,44.45078253569015,11.34283964627738
102,donkeys,2020-03-18,44.50156475862598,11.29279271500837
433,donkeys,2020-03-18,44.520462273215074,11.246759061135029
544,donkeys,2020-03-19,44.519349156121,11.284856222800485
376,donkeys,2020-03-05,44.439099231023775,11.401904543902914
417,donkeys,2020-03-06,44.51313967996696,11.376520124517981
382,donkeys,2020-03-10,44.48506840138792,11.40706790555505
35,donkeys,2020-03-07,44.52035932857256,11.150535129830946
372,donkeys,2020-03-07,44.560874105408345,11.328245878557512
13,donkeys,2020-03-08,44.19657151107835,10.899557192286341
33,donkeys,2020-03-08,44.517571032613,11.344448240631834
222,donkeys,2020-03-08,44.47181062927401,11.334292945671262
194,donkeys,2020-03-09,44.46624045057537,11.361293137598347
66,donkeys,2020-03-10,44.54406343882077,11.223721582405734
75,donkeys,2020-03-10,44.55211246863882,11.201379519535843
87,donkeys,2020-03-10,44.729158321122256,11.26354132912385
93,donkeys,2020-03-10,44.44572680944705,11.252067138238656
156,donkeys,2020-03-10,44.74800128665454,11.304233949172716
718,donkeys,2020-03-10,44.47912980243256,11.073221243161257
223,donkeys,2020-03-11,44.53531953156251,11.234493377940117
229,donkeys,2020-03-11,44.53999765993399,11.422332348382694
370,donkeys,2020-03-12,44.501245506807955,11.397987777861344
549,donkeys,2020-03-12,44.61561415878588,11.321687535260407
263,donkeys,2020-03-15,44.501827461412184,11.520568872114481
669,donkeys,2020-03-15,44.33795175983286,11.680236961937462
454,donkeys,2020-03-16,44.613782552413696,11.254326711566033
86,donkeys,2020-03-12,44.76950087910979,11.218860285238307
154,donkeys,2020-03-03,44.442211722572054,11.383265609843098
46,donkeys,2020-03-08,44.34457607243283,11.236216229309434
47,donkeys,2020-03-08,44.306295985898316,11.26331018840619
50,donkeys,2020-03-08,44.53079463467587,11.307480927749024
81,donkeys,2020-03-08,44.49988459972524,11.328985568757174
92,donkeys,2020-03-08,44.45467191636802,11.325234741168003
419,donkeys,2020-03-08,44.46871094835195,11.28562610350797
618,donkeys,2020-03-09,44.500972469609486,11.392597015265283
4,donkeys,2020-03-10,44.71080853875953,11.282033739747003
207,donkeys,2020-03-10,44.498613992132086,11.347968144994747
208,donkeys,2020-03-10,44.498744351867416,11.329790604375862
485,donkeys,2020-03-10,44.534342065090556,11.355014990086733
6,donkeys,2020-03-11,44.55929031792868,11.419577630020799
7,donkeys,2020-03-12,44.550934822166916,11.467960338842131
11,donkeys,2020-03-12,44.50368663651919,11.425771552629874
123,donkeys,2020-03-12,44.44690325524054,11.397809576316687
589,donkeys,2020-03-12,44.50667228706286,11.206824893692174
151,donkeys,2020-03-13,44.490480854489384,11.301741052109374
211,donkeys,2020-03-13,44.49167011842895,11.30464071333789
242,donkeys,2020-03-13,44.67870841613646,11.254675051281906
302,donkeys,2020-03-13,44.468254951882365,11.33350952414531
420,donkeys,2020-03-13,44.42839383668616,11.43703485742758
524,donkeys,2020-03-13,44.457853332968114,11.285788424359717
541,donkeys,2020-03-13,44.599209571477914,11.204696126004503
306,donkeys,2020-03-14,44.48199649336808,11.325074428317302
390,donkeys,2020-03-14,44.54079229774625,11.358579459243785
108,donkeys,2020-03-15,44.46970896282642,11.437175062195111
148,donkeys,2020-03-15,44.500659182953015,11.415913353980816
545,donkeys,2020-03-15,44.422682706402156,11.294160958144241
525,donkeys,2020-03-16,44.516213117356685,11.265706700394059
755,donkeys,2020-03-16,44.49160998677085,11.400906615125864
526,donkeys,2020-03-17,44.456147762616844,11.245641413694424
530,donkeys,2020-03-18,44.48015779126131,11.40815331559326
751,donkeys,2020-03-18,44.348124722585446,11.273583506720499
32,donkeys,2020-03-19,44.451316028843394,11.374360512855493
456,donkeys,2020-03-19,44.75014618792169,11.14572618691345
548,donkeys,2020-03-20,44.42761953868466,11.267043123121795
624,donkeys,2020-03-20,44.517721417879514,11.21161949848318
546,donkeys,2020-03-21,44.46347499449164,11.277931379552395
584,donkeys,2020-03-02,44.488799888714155,11.324423793014455
143,donkeys,2020-03-06,44.205461624913326,11.302050208224063
316,donkeys,2020-03-06,44.52551794913385,11.341251529087144
340,donkeys,2020-03-06,44.50331555390936,11.341264166975781
308,donkeys,2020-03-09,44.50437330303526,11.360424951004783
337,donkeys,2020-03-09,44.48210396840692,11.336701756237469
339,donkeys,2020-03-09,44.626123717909124,11.371648993455018
472,donkeys,2020-03-09,44.53243743994049,11.363906647883022
560,donkeys,2020-03-09,44.450690121168975,11.392650708052651
562,donkeys,2020-03-09,44.61106433178489,11.498643872754473
604,donkeys,2020-03-09,44.665291310145946,11.414893894877663
162,donkeys,2020-03-10,44.51986298123562,11.57321846931419
461,donkeys,2020-03-10,44.47951585560545,11.342397351332373
489,donkeys,2020-03-10,44.46500416895483,11.320331325177063
16,donkeys,2020-03-11,44.4868499526376,11.087017534768629
77,donkeys,2020-03-11,44.39588050111925,11.321943813270847
78,donkeys,2020-03-11,44.76169967715404,11.112078649020201
234,donkeys,2020-03-11,44.488894214357224,11.350880825273691
37,donkeys,2020-03-12,44.52342342630994,11.335043303120164
65,donkeys,2020-03-12,44.477090046177445,11.32273201405298
136,donkeys,2020-03-12,44.50943529446609,11.538020776658414
193,donkeys,2020-03-12,44.51556897522364,11.335159146182209
291,donkeys,2020-03-12,44.441451381549506,11.381957370720285
292,donkeys,2020-03-12,44.23970989257716,11.195926602887962
407,donkeys,2020-03-13,44.5049977617723,11.377276218895066
474,donkeys,2020-03-13,44.46318226437183,11.098347275800629
626,donkeys,2020-03-13,44.51297003126534,11.228355278827006
88,donkeys,2020-03-14,44.46429420330041,11.298841530831956
245,donkeys,2020-03-14,44.607407603112826,11.332061733114992
467,donkeys,2020-03-14,44.459593708354156,11.263346679797383
257,donkeys,2020-03-15,44.45559684374845,11.310035025548668
120,donkeys,2020-03-16,44.46278551212569,11.29432332359101
215,donkeys,2020-03-16,44.51424061330001,11.263556038239688
365,donkeys,2020-03-16,44.5381902418307,11.34036293833737
241,donkeys,2020-03-17,44.47069164587321,11.344634896359645
332,donkeys,2020-03-17,44.53318196286295,11.343457406931318
763,donkeys,2020-03-17,44.53020298731193,11.37297856100517
330,donkeys,2020-03-18,44.533750442013464,11.376340308026096
295,donkeys,2020-03-19,44.40054322394109,11.160223237760675
581,donkeys,2020-03-22,44.576931794926786,11.276912612915392
18,donkeys,2020-03-12,44.52077942614518,11.304982314649896
432,donkeys,2020-03-05,44.517673851965526,11.340009614184414
76,donkeys,2020-03-08,44.51929885345035,11.332926078612527
98,donkeys,2020-03-09,44.516478329986725,11.270189691365454
528,donkeys,2020-03-09,44.65521742313404,11.593807056703211
19,donkeys,2020-03-10,44.47645887617289,11.341659085049375
62,donkeys,2020-03-10,44.49730513475361,11.440401261828454
116,donkeys,2020-03-10,44.48268946194362,11.430611589657198
188,donkeys,2020-03-10,44.58970620029043,11.649270780803034
252,donkeys,2020-03-10,44.49651569894365,11.303315922033075
261,donkeys,2020-03-10,44.520025219982834,11.300301998024784
270,donkeys,2020-03-10,44.660920652799305,11.383960254490493
379,donkeys,2020-03-10,44.49262608109263,11.337239523357514
532,donkeys,2020-03-10,44.59395500025698,11.442799472497121
770,donkeys,2020-03-10,44.600745458892504,11.576144554356981
150,donkeys,2020-03-11,44.491544460495625,11.362936773053384
21,donkeys,2020-03-12,44.55310058724748,11.309799671734444
45,donkeys,2020-03-12,44.581804461088524,11.395041986677585
129,donkeys,2020-03-12,44.42572846890522,11.364163859012637
615,donkeys,2020-03-12,44.48244096389419,11.32217715539752
22,donkeys,2020-03-13,44.48488739206698,11.405575635602187
82,donkeys,2020-03-13,44.50615191030008,11.337199866481342
240,donkeys,2020-03-13,44.49538778047768,11.372738751282538
369,donkeys,2020-03-13,44.484971903967875,11.448430525538049
29,donkeys,2020-03-14,44.58700440719972,11.483023766144948
94,donkeys,2020-03-14,44.459064960521296,11.397387828926147
113,donkeys,2020-03-14,44.484869714108015,11.321651717356575
280,donkeys,2020-03-14,44.409509228761785,11.498135753631312
118,donkeys,2020-03-15,44.53966343788033,11.430006810141773
334,donkeys,2020-03-15,44.563655265250894,11.280087557160103
396,donkeys,2020-03-15,44.449463854603046,11.292450755032885
20,donkeys,2020-03-16,44.44816551796836,11.33522454702517
271,donkeys,2020-03-16,44.62019402984569,11.193130206120728
497,donkeys,2020-03-16,44.51598288547563,11.38532401258892
237,donkeys,2020-03-17,44.458527170831296,11.340586006856771
341,donkeys,2020-03-17,44.529380983204184,11.149953851383675
373,donkeys,2020-03-17,44.525460993205314,11.461478806792584
391,donkeys,2020-03-17,44.479989226611615,11.299153466764064
243,donkeys,2020-03-18,44.489092918800075,11.36420606361176
439,donkeys,2020-03-18,44.51561272081602,11.228980435129788
719,donkeys,2020-03-18,44.436219619152084,11.306173577498527
650,donkeys,2020-03-19,44.58957946295627,11.680762283187992
689,donkeys,2020-03-19,44.52579662485029,11.341141556317956
5,donkeys,2020-03-20,44.46897296682915,11.349253747030236
759,donkeys,2020-03-20,44.49409668756249,11.339322465374805
463,donkeys,2020-03-21,44.59942297336335,11.4428859742566
634,donkeys,2020-03-22,44.47280229311212,11.344177308130469
616,donkeys,2020-03-09,44.46834153409879,11.14912720714693
95,donkeys,2020-03-11,44.50218564384217,11.339294229660778
182,donkeys,2020-03-11,44.57165029191615,11.341977012139767
267,donkeys,2020-03-11,44.669118060314545,11.392479242705779
413,donkeys,2020-03-11,44.49424598387819,11.359385833239077
580,donkeys,2020-03-11,44.49031328040327,11.42832152085042
67,donkeys,2020-03-12,44.54974481444441,11.372630624455843
176,donkeys,2020-03-12,44.55916056031577,11.258210139628854
780,donkeys,2020-03-12,44.538785280465646,11.45701239121366
180,donkeys,2020-03-13,44.527890089279005,11.336174747833086
323,donkeys,2020-03-13,44.438617127096954,11.391678318770483
679,donkeys,2020-03-13,44.25651090147403,11.333529582740322
697,donkeys,2020-03-13,44.52451422219657,11.360238197135986
64,donkeys,2020-03-14,44.46528029255463,11.406591991063346
398,donkeys,2020-03-14,44.518156589568264,11.447353378531576
577,donkeys,2020-03-14,44.73701570577563,11.279260665988843
733,donkeys,2020-03-14,44.591730225065696,11.552293893634166
124,donkeys,2020-03-15,44.462707157710355,11.351082408245647
183,donkeys,2020-03-15,44.58277699221754,11.310237908449064
352,donkeys,2020-03-15,44.5339098342733,11.45998430142804
583,donkeys,2020-03-15,44.52368990334152,11.562185385579747
321,donkeys,2020-03-16,44.50949684149737,11.456174369511675
74,donkeys,2020-03-17,44.596301591016086,11.29766724870921
327,donkeys,2020-03-17,44.51338439239874,11.375431589869553
504,donkeys,2020-03-17,44.45330074355793,11.43353905791347
104,donkeys,2020-03-18,44.49142677816337,11.41236771409224
281,donkeys,2020-03-18,44.49049389802354,11.370493988284819
333,donkeys,2020-03-18,44.66772233843916,11.12968612913335
488,donkeys,2020-03-18,44.257010189064296,11.24381868836802
639,donkeys,2020-03-18,44.52096737143939,11.364508199871121
397,donkeys,2020-03-20,44.470371479236604,11.319012411452633
91,donkeys,2020-03-21,44.65391289181569,11.678169082340403
491,donkeys,2020-03-21,44.65288865805091,11.395649397487208
498,donkeys,2020-03-21,44.59493372137365,11.459279340265558
552,donkeys,2020-03-21,44.50275053195299,11.361493327683032
569,donkeys,2020-03-21,44.49771828646011,11.317551202695503
632,donkeys,2020-03-21,44.25424793560708,11.105545235376395
190,donkeys,2020-03-22,44.53168859055722,11.438156211863364
320,donkeys,2020-03-03,44.53771649428576,11.298992854380982
511,donkeys,2020-03-07,44.46562667573274,11.44079206592695
34,donkeys,2020-03-08,44.57261807124926,11.350938028039629
214,donkeys,2020-03-08,44.414765637451495,11.240456272040067
299,donkeys,2020-03-09,44.2751932111725,11.261281829359389
225,donkeys,2020-03-10,44.504134504642074,11.306433128748337
408,donkeys,2020-03-12,44.44074752821425,11.434495687794668
729,donkeys,2020-03-12,44.520144989693094,11.344018022469875
761,donkeys,2020-03-12,44.65026691278469,11.49937710242979
125,donkeys,2020-03-13,44.59843440068998,11.381936432386862
140,donkeys,2020-03-13,44.514902368334035,11.370797300787073
212,donkeys,2020-03-13,44.42108189144119,11.226149892017784
303,donkeys,2020-03-13,44.51288759743518,11.343453956019468
318,donkeys,2020-03-14,44.21460482546778,11.204690829553796
350,donkeys,2020-03-14,44.52496572715558,11.403881720382337
538,donkeys,2020-03-14,44.46965178815918,11.272882161390449
109,donkeys,2020-03-15,44.47078557581389,11.341595837053323
119,donkeys,2020-03-15,44.53469852752593,11.551508357688052
326,donkeys,2020-03-15,44.42345263220856,11.334755216518738
354,donkeys,2020-03-15,44.494712102820785,11.400283381997772
389,donkeys,2020-03-15,44.313345709466944,11.418350410498363
611,donkeys,2020-03-15,44.52134563539513,11.318094939702245
625,donkeys,2020-03-15,44.460097220666434,11.367431489816155
769,donkeys,2020-03-15,44.452381298091616,11.361784872934578
8,donkeys,2020-03-16,44.44753548315267,11.40136297538246
96,donkeys,2020-03-16,44.50204124120278,11.365082235461037
221,donkeys,2020-03-16,44.588925766319136,11.340545851422974
348,donkeys,2020-03-16,44.50107536205283,11.340448537664082
406,donkeys,2020-03-16,44.497677911733355,11.388668878861028
703,donkeys,2020-03-16,44.41993459089076,11.250536438389368
311,donkeys,2020-03-17,44.48748072251302,11.381220375872225
355,donkeys,2020-03-17,44.41863797560214,11.143848108077739
610,donkeys,2020-03-17,44.486606338401344,11.30634990718317
748,donkeys,2020-03-18,44.62229585248023,11.14346162430103
322,donkeys,2020-03-19,44.5075406793991,11.3331451222977
735,donkeys,2020-03-19,44.59928248764254,11.580810606072006
103,donkeys,2020-03-20,44.5554582333486,11.400855718020658
644,donkeys,2020-03-20,44.56864393660252,11.485569563653172
83,donkeys,2020-03-21,44.48960567691747,11.2708641546988
507,donkeys,2020-03-21,44.582728734046036,11.36395184249754
543,donkeys,2020-03-21,44.15710371946427,11.319240430880226
776,donkeys,2020-03-21,44.48650367019137,11.373052224106898
514,donkeys,2020-03-22,44.476777056020566,11.26963103661127
685,donkeys,2020-03-22,44.30055414674711,11.626699379963833
99,donkeys,2020-03-12,44.5059857926113,11.204111698611674
101,donkeys,2020-03-12,44.4275101889178,11.230395240620888
381,donkeys,2020-03-12,44.43750806545903,11.267637379253621
383,donkeys,2020-03-12,44.43905412916152,11.309236469650882
640,donkeys,2019-03-20,44.53515029402621,11.348895348954255
227,donkeys,2020-03-05,44.46261990667431,11.355526788442097
70,donkeys,2020-03-06,44.4465181296897,11.33791275699563
438,donkeys,2020-03-07,44.54038742563039,11.326988996739559
343,donkeys,2020-03-09,44.45847708459459,11.411206844424123
58,donkeys,2020-03-10,44.65138930656529,11.175571352665086
59,donkeys,2020-03-10,44.61350385674001,11.186134211097592
224,donkeys,2020-03-12,44.46584661867238,11.331510836477362
53,donkeys,2020-03-13,44.68714838284954,11.267409552494613
54,donkeys,2020-03-13,44.69160262547372,11.276591847157633
134,donkeys,2020-03-13,44.682866650803504,11.327045510502295
238,donkeys,2020-03-13,44.539668946446966,11.361751007081137
304,donkeys,2020-03-13,44.45543530985944,11.393871780492008
596,donkeys,2020-03-13,44.467243729206096,11.212452969896146
658,donkeys,2020-03-13,44.44475364029967,11.27373699708415
762,donkeys,2020-03-13,44.751872598194886,11.162812840236903
160,donkeys,2020-03-14,44.550566067535634,11.486105085870886
184,donkeys,2020-03-14,44.46888454189288,11.380135036564239
325,donkeys,2020-03-14,44.50097088820259,11.339875502941295
475,donkeys,2020-03-14,44.48224000091156,11.348472642581326
500,donkeys,2020-03-14,44.481150378604056,11.445886428915392
209,donkeys,2020-03-15,44.46500589729213,11.384059484395705
402,donkeys,2020-03-15,44.728796478641264,11.11820361117137
750,donkeys,2020-03-15,44.49098239741511,11.311144779743406
386,donkeys,2020-03-16,44.55871710654663,11.397512140999696
508,donkeys,2020-03-16,44.33477399697687,11.293907187227301
633,donkeys,2020-03-16,44.481801196924145,11.364123519669706
642,donkeys,2020-03-16,44.55707778803332,11.386555862371246
775,donkeys,2020-03-16,44.648052568138894,11.148512045854911
401,donkeys,2020-03-17,44.53314883810349,11.296069544746533
521,donkeys,2020-03-17,44.481084810444514,11.367093827472553
300,donkeys,2020-03-18,44.494198975514415,11.455514547218199
773,donkeys,2020-03-18,44.61659888318052,11.137683673111956
655,donkeys,2020-03-19,44.543167333086465,11.352357678199688
702,donkeys,2020-03-20,44.53802754791275,11.281550778412553
566,donkeys,2020-03-21,44.48548492892437,11.371966610793349
587,donkeys,2020-03-21,44.52310417770227,11.464690626765602
57,donkeys,2020-03-22,44.480448572188934,11.268181697043227
220,donkeys,2020-01-17,44.488046817418486,11.381734319257097
137,donkeys,2020-03-05,44.47442257408686,11.415627831945132
249,donkeys,2020-03-09,44.58883899860709,11.315192132843167
378,donkeys,2020-03-13,44.486270882113864,11.373529172432521
27,donkeys,2020-03-14,44.45558050421554,11.271053400564586
90,donkeys,2020-03-14,44.457004781339236,11.245221605994757
100,donkeys,2020-03-14,44.712395877603214,11.35035367850456
175,donkeys,2020-03-14,44.43701756975457,11.412263003567176
202,donkeys,2020-03-14,44.450196646352836,11.235947811972594
361,donkeys,2020-03-14,44.48315477106012,11.268235658401348
436,donkeys,2020-03-14,44.50309189136541,11.333398279807685
592,donkeys,2020-03-14,44.52505224853441,11.27771942761231
166,donkeys,2020-03-15,44.47026580004685,11.322127357409263
205,donkeys,2020-03-16,44.4399817942575,11.282568133721854
250,donkeys,2020-03-16,44.526215319548974,11.323989240796726
312,donkeys,2020-03-16,44.54772426692559,11.260779182057686
452,donkeys,2020-03-16,44.677745942814816,11.390842916953204
603,donkeys,2020-03-16,44.57162044302899,11.401712343592386
283,donkeys,2020-03-17,44.456685745099556,11.250686277719554
701,donkeys,2020-03-17,44.51802103294154,11.284161657232188
210,donkeys,2020-03-18,44.603225868926074,11.36867352925592
228,donkeys,2020-03-18,44.50969417846808,11.349680666050071
313,donkeys,2020-03-18,44.505543269346894,11.247282816007623
345,donkeys,2020-03-19,44.11599730864234,10.972764179160936
722,donkeys,2020-03-19,44.51880765171575,11.365961278905612
553,donkeys,2020-03-20,44.468909619566496,11.269090698584495
559,donkeys,2020-03-20,44.51266200037004,11.25549170116074
671,donkeys,2020-03-21,44.483980545710864,11.34210439205616
700,donkeys,2020-03-21,44.53040448541534,11.325815099455143
723,donkeys,2020-03-22,44.463682684759405,11.34995427363976
725,donkeys,2020-03-22,44.37571715652618,11.594775013356882
277,donkeys,2020-03-10,44.65830018944223,11.294328050533228
110,donkeys,2020-03-12,44.402651412075286,11.588558851813655
301,donkeys,2020-03-14,44.481289080135035,11.341790163747325
41,donkeys,2020-03-15,44.487832861198854,11.35324502686018
132,donkeys,2020-03-15,44.585510042145295,11.524932025690378
409,donkeys,2020-03-15,44.45617356923685,11.33105643282611
466,donkeys,2020-03-15,44.41969343922407,11.179591715022955
678,donkeys,2020-03-15,44.5384738803266,11.306366768325617
117,donkeys,2020-03-16,44.506099852242336,11.283641556318445
571,donkeys,2020-03-16,44.63969925222395,11.573078852307662
276,donkeys,2020-03-17,44.596067967595324,11.264670039148989
314,donkeys,2020-03-17,44.53214351095108,11.23965471402174
422,donkeys,2020-03-17,44.50264493201373,11.390781327711352
423,donkeys,2020-03-17,44.49642105063892,11.38569540409552
717,donkeys,2020-03-17,44.48550007161732,11.26185690042217
363,donkeys,2020-03-18,44.47089029464209,11.254368558333944
431,donkeys,2020-03-18,44.49845097350899,11.265176867440086
495,donkeys,2020-03-18,44.51517366219906,11.322920270324705
362,donkeys,2020-03-19,44.48524850198283,11.284412990951598
364,donkeys,2020-03-19,44.46805053421576,11.24947866724222
494,donkeys,2020-03-19,44.50276454494045,11.331906820372678
476,donkeys,2020-03-20,44.512533898114086,11.285953936608125
720,donkeys,2020-03-23,44.586760980500955,11.561083291494965
72,donkeys,2020-03-08,44.511485176554245,11.391896890794985
734,donkeys,2020-01-16,44.503463530558655,11.42813582303946
739,donkeys,2020-02-16,44.51419264534404,11.460983906583905
71,donkeys,2020-03-06,44.48994283322502,11.336182736246007
344,donkeys,2020-03-07,44.462589201233826,11.425677088260786
31,donkeys,2020-03-09,44.44862822310147,11.398879470701301
173,donkeys,2020-03-12,44.508120387862554,11.539431482272409
69,donkeys,2020-03-13,44.66372896269006,11.3998608675948
430,donkeys,2020-03-13,44.49779450704566,11.341789106039931
638,donkeys,2020-03-13,44.371921818784955,11.231255918612373
61,donkeys,2020-03-14,44.46040748880354,11.10282289667389
63,donkeys,2020-03-14,44.52395022736364,11.362246830827543
135,donkeys,2020-03-14,44.223849341584554,11.304753391215366
377,donkeys,2020-03-14,44.46412831907067,11.304406028332066
40,donkeys,2020-03-15,44.52554441941398,11.360957743777883
105,donkeys,2020-03-15,44.521948160491675,11.40743989401345
114,donkeys,2020-03-15,44.39349199740444,11.52613606308091
122,donkeys,2020-03-15,44.46596851000091,11.373407195089989
141,donkeys,2020-03-15,44.49245926719909,11.301397593091979
152,donkeys,2020-03-15,44.55402982633197,11.185658616513951
501,donkeys,2020-03-15,44.47100234694753,11.445898224547172
607,donkeys,2020-03-15,44.66804054111927,11.42746981852909
213,donkeys,2020-03-16,44.46921851832947,11.385819594966158
226,donkeys,2020-03-16,44.473673528113366,11.323358139280437
272,donkeys,2020-03-16,44.690327684810185,11.390750616385194
298,donkeys,2020-03-16,44.59228612972509,11.324326467030035
319,donkeys,2020-03-16,44.53577977072994,11.298673994219515
335,donkeys,2020-03-16,44.435325382329275,11.395112805897806
336,donkeys,2020-03-16,44.49780463711656,11.372026188048093
597,donkeys,2020-03-16,44.49709046109204,11.534449867059156
727,donkeys,2020-03-16,44.46536583429286,11.297120880162717
736,donkeys,2020-03-16,44.48530474308903,11.427667927751441
737,donkeys,2020-03-16,44.5352615056543,11.463840754451269
738,donkeys,2020-03-16,44.4933133081905,11.498598994016424
740,donkeys,2020-03-16,44.51530089467675,11.473929930012508
768,donkeys,2020-03-16,44.504278423458416,11.345162213672252
149,donkeys,2020-03-17,44.37461119248537,11.3653967765512
219,donkeys,2020-03-17,44.47922101006468,11.349762868186971
437,donkeys,2020-03-17,44.38207442787874,11.068920416108586
469,donkeys,2020-03-17,44.52089728458832,11.324718623707613
586,donkeys,2020-03-17,44.50881334423087,11.283150906842025
657,donkeys,2020-03-17,44.534491399177384,11.399279870974516
721,donkeys,2020-03-17,44.4521133311285,11.409403319135018
754,donkeys,2020-03-17,44.713309665060585,11.299687714098399
387,donkeys,2020-03-18,44.56385793133147,11.344799459411238
692,donkeys,2020-03-18,44.52346865030083,11.226846558314147
163,donkeys,2020-03-19,44.60329484176497,11.39087299373227
418,donkeys,2020-03-19,44.6440183823535,11.63803805029217
724,donkeys,2020-03-19,44.49174904417247,11.448135044984415
338,donkeys,2020-03-20,44.45560352541804,11.283877121838282
673,donkeys,2020-03-20,44.46817821880303,11.307046073685376
698,donkeys,2020-03-20,44.45588891485409,11.386542918638446
641,donkeys,2020-03-21,44.483711739726914,11.321433729799748
563,donkeys,2020-03-23,44.625786207023744,11.140111931479014
564,donkeys,2020-03-23,44.67062117434363,11.146558783494392
254,donkeys,2020-02-29,44.511335144621995,11.466978386271498
265,donkeys,2020-03-04,44.52995559113201,11.355069145960023
259,donkeys,2020-03-05,44.52426650455823,11.287286808807474
496,donkeys,2020-03-07,44.71673017108438,11.308637410939497
171,donkeys,2020-03-08,44.71042602345863,11.524978229287198
201,donkeys,2020-03-08,44.50712715492216,11.381227790855247
131,donkeys,2020-03-09,44.59007444360019,11.432222969012637
178,donkeys,2020-03-09,44.465549162346456,11.25158211542181
159,donkeys,2020-03-10,44.452615719952576,11.334377697643214
195,donkeys,2020-03-10,44.52726934521817,11.221425216975092
196,donkeys,2020-03-10,44.590155018638804,11.700568772466307
158,donkeys,2020-03-11,44.51964057923363,11.261397912127633
197,donkeys,2020-03-11,44.51002313530732,11.335554915066353
203,donkeys,2020-03-11,44.48880920589364,11.330785877835563
206,donkeys,2020-03-11,44.707978058347216,11.188305636532695
262,donkeys,2020-03-11,44.57491467878827,11.27200500368818
687,donkeys,2020-03-11,44.513354337969155,11.363403015795075
146,donkeys,2020-03-12,44.574280731195444,11.485886441993179
447,donkeys,2020-03-12,44.48555607129464,11.420375214947557
684,donkeys,2020-03-12,44.52600502884835,11.301876716881115
142,donkeys,2020-03-13,44.517939934643195,11.31156123787473
153,donkeys,2020-03-14,44.41732092831762,11.296872668685888
169,donkeys,2020-03-14,44.72579390373538,11.5236249619677
233,donkeys,2020-03-14,44.4989509040778,11.514835075567376
305,donkeys,2020-03-14,44.465879608130955,11.349197423622332
346,donkeys,2020-03-14,44.62397157664672,11.649662294386761
347,donkeys,2020-03-14,44.63809002627826,11.674805230608957
686,donkeys,2020-03-14,44.503830401403555,11.361631204492328
127,donkeys,2020-03-15,44.612567245437454,11.721434054360005
147,donkeys,2020-03-15,44.46006753162246,11.375892870113436
269,donkeys,2020-03-15,44.47412651661598,11.36561486873021
296,donkeys,2020-03-15,44.48476556725886,11.34631226841917
661,donkeys,2020-03-15,44.421832731667706,11.331359681258037
753,donkeys,2020-03-15,44.54134291133034,11.389234200468142
145,donkeys,2020-03-16,44.45599059684914,11.343657150849957
416,donkeys,2020-03-16,44.744996590261785,11.356954546085131
712,donkeys,2020-03-16,44.50000879692252,11.38210660323707
253,donkeys,2020-03-17,44.47559260121514,11.397822564843985
550,donkeys,2020-03-17,44.504579600250615,11.326707687667076
565,donkeys,2020-03-17,44.6476730439022,11.69367600684001
255,donkeys,2020-03-18,44.63767483868595,11.482887910567673
478,donkeys,2020-03-18,44.677674865058925,11.351258688826837
617,donkeys,2020-03-18,44.50963339797488,11.504495238357716
749,donkeys,2020-03-18,44.593190504725364,11.703944180795038
690,donkeys,2020-03-19,44.48677779656012,11.398164565531046
707,donkeys,2020-03-19,44.481103429796654,11.230398321307717
757,donkeys,2020-03-19,44.53122981276523,11.36204614418923
288,donkeys,2020-03-20,44.54065092639589,11.260012026039375
515,donkeys,2020-03-20,44.46638673907849,11.368357463315803
656,donkeys,2020-03-20,44.43889070412432,11.363727504735795
660,donkeys,2020-03-20,44.43434409711815,11.383377370642435
705,donkeys,2020-03-20,44.44658934638269,11.303438323426343
746,donkeys,2020-03-20,44.51923100809887,11.354734479694669
711,donkeys,2020-03-21,44.48896531185602,11.369037807317875
608,donkeys,2020-03-22,44.69881577928399,11.157322582787108
170,donkeys,2020-03-07,44.73456655089236,11.502545063249006
779,donkeys,2020-01-08,44.528686964703745,11.356586022212548
783,donkeys,2020-01-08,44.51077748427796,11.375341932180671
106,donkeys,2020-03-07,44.43110512801014,11.383036673344849
231,donkeys,2020-03-09,44.52302597632634,11.325063360147286
246,donkeys,2020-03-09,44.79115027751978,11.124361219832311
274,donkeys,2020-03-09,44.679294684126916,11.356389278631628
192,donkeys,2020-03-10,44.445429762668184,11.359446662382593
236,donkeys,2020-03-10,44.60018569695541,11.485349788418791
278,donkeys,2020-03-10,44.55354468639391,11.371600477167009
317,donkeys,2020-03-10,44.460800123693794,11.201444547024595
232,donkeys,2020-03-11,44.520098957119814,11.369541864980997
248,donkeys,2020-03-11,44.484429249986604,11.351577655543561
258,donkeys,2020-03-12,44.4835459613448,11.323666569946264
441,donkeys,2020-03-12,44.521934266374416,11.370939809453192
293,donkeys,2020-03-13,44.4896969195824,11.298007921281009
218,donkeys,2020-03-14,44.43879971276838,11.387672446603121
442,donkeys,2020-03-14,44.49800896099332,11.349311668049335
247,donkeys,2020-03-15,44.385642481357195,11.56496810149582
260,donkeys,2020-03-15,44.50912973014323,11.338411759105462
275,donkeys,2020-03-15,44.5700209679601,11.35454092634277
239,donkeys,2020-03-16,44.46091592062154,11.328045473133873
244,donkeys,2020-03-16,44.52705764847634,11.313985655294463
266,donkeys,2020-03-16,44.60052906377812,11.400644520228596
279,donkeys,2020-03-16,44.60096535162272,11.345937341686932
468,donkeys,2020-03-16,44.45130284156193,11.387429555666328
744,donkeys,2020-03-16,44.55313032805728,11.272299234794138
747,donkeys,2020-03-16,44.63343335086634,11.663207943701325
374,donkeys,2020-03-17,44.49147714123168,11.345031467275914
342,donkeys,2020-03-18,44.507379811762185,11.35136555402542
426,donkeys,2020-03-18,44.76416740375288,11.457391136397101
677,donkeys,2020-03-18,44.505954163826196,11.241607061185226
741,donkeys,2020-03-18,44.4961012488602,11.501334330802734
375,donkeys,2020-03-19,44.43395067467942,11.39687508452275
388,donkeys,2020-03-19,44.57048358838828,11.293571635950538
425,donkeys,2020-03-19,44.510248695083476,11.302171897305696
487,donkeys,2020-03-19,44.54344409748024,11.30769393390301
443,donkeys,2020-03-20,44.52692930413795,11.389741060394492
578,donkeys,2020-03-20,44.500879988077664,11.381347184810979
591,donkeys,2020-03-20,44.5510147125618,11.389216241500389
637,donkeys,2020-03-20,44.446701428560566,11.122641844392387
696,donkeys,2020-03-20,44.482474280837074,11.510543891253239
527,donkeys,2020-03-21,44.25307095410249,11.008680184620264
666,donkeys,2020-03-21,44.478398964328484,11.293906961309801
670,donkeys,2020-03-21,44.51978661203393,11.251265699251732
714,donkeys,2020-03-21,44.508539158753095,11.475443852982387
730,donkeys,2020-03-21,44.504371466198094,11.425881381194433
493,donkeys,2020-03-22,44.60088588642905,11.33080255676447
627,donkeys,2020-03-22,44.45775643495931,11.505707708025742
745,donkeys,2020-03-22,44.450676422230345,11.403188801981996
667,donkeys,2020-02-26,44.44819324284037,11.293293476819061
567,donkeys,2020-03-07,44.48687021718359,11.334072997190397
328,donkeys,2020-03-08,44.52582183999744,11.26888629049984
649,donkeys,2020-03-10,44.41959346631675,11.30677671557292
380,donkeys,2020-03-11,44.53507000249367,11.509364730851793
294,donkeys,2020-03-12,44.29697134798794,11.179552785116327
307,donkeys,2020-03-12,44.447093904250295,11.298625417214275
360,donkeys,2020-03-13,44.605016530692,11.634452832430025
392,donkeys,2020-03-14,44.62360488760397,11.665731415369157
499,donkeys,2020-03-14,44.58809026598253,11.497087382358144
284,donkeys,2020-03-16,44.41839760860816,11.309015725522084
287,donkeys,2020-03-17,44.50753822025289,11.302848424776737
290,donkeys,2020-03-18,44.51303275146911,11.261808867267455
297,donkeys,2020-03-18,44.52740426177813,11.374884228607062
329,donkeys,2020-03-18,44.61325502600062,11.170368458547099
353,donkeys,2020-03-18,44.65830167529446,11.209973879294067
384,donkeys,2020-03-18,44.49586251195274,11.389570305737408
385,donkeys,2020-03-18,44.50935687772632,11.34635663010071
518,donkeys,2020-03-18,44.606412309372715,11.161865357730791
310,donkeys,2020-03-19,44.53680612111043,11.467144371869427
359,donkeys,2020-03-19,44.45676793367486,11.3513064397906
404,donkeys,2020-03-19,44.538976395372494,11.197742381881723
444,donkeys,2020-03-19,44.70309327803479,11.222156255647516
480,donkeys,2020-03-19,44.46673686096447,11.246866918589925
519,donkeys,2020-03-19,44.59255831867687,11.1688871532979
593,donkeys,2020-03-19,44.47702004436376,11.315462472796366
760,donkeys,2020-03-19,44.67151233008077,11.538339609193336
520,donkeys,2020-03-20,44.460954903651256,11.262977669074804
594,donkeys,2020-03-20,44.61408695450627,11.504083332853984
674,donkeys,2020-03-20,44.29450095018088,11.319341282350976
682,donkeys,2020-03-20,44.54972795469662,11.232882316753356
683,donkeys,2020-03-20,44.5545601939592,11.205964501898887
502,donkeys,2020-03-21,44.4543524821461,11.37741124396165
512,donkeys,2020-03-21,44.45916411932578,11.390412560524645
557,donkeys,2020-03-21,44.468050930587275,11.389681594400058
647,donkeys,2020-03-21,44.56633618134116,11.39756016781172
665,donkeys,2020-03-21,44.425996414323144,11.2655198660745
694,donkeys,2020-03-21,44.44796362939633,11.250321155702784
561,donkeys,2020-03-22,44.62545981023992,11.439341720423474
595,donkeys,2020-03-22,44.5022426190421,11.333998127592803
782,donkeys,2020-03-23,44.65168372854611,11.547643188374748
766,donkeys,2020-03-02,44.1069103058989,10.944799927916618
424,donkeys,2020-03-03,44.48564196510587,11.316320473014624
368,donkeys,2020-03-09,44.515163691404496,11.354357850642398
440,donkeys,2020-03-09,44.459932503666764,11.386505286802825
772,donkeys,2020-03-10,44.10425842126868,10.960180024193624
503,donkeys,2020-03-11,44.61148250212788,11.325780958076631
185,donkeys,2020-03-12,44.576463039972964,11.362872904587455
428,donkeys,2020-03-13,44.485361096347106,11.33934903168332
429,donkeys,2020-03-13,44.48162834023175,11.325090769894716
614,donkeys,2020-03-13,44.520586483699546,11.273274422642274
531,donkeys,2020-03-14,44.24184281547843,11.229178065279127
434,donkeys,2020-03-15,44.682367082002436,11.32070607605603
435,donkeys,2020-03-15,44.73875948727866,11.291992813761505
570,donkeys,2020-03-15,44.57378222719762,11.56886157929499
630,donkeys,2020-03-15,44.72922622920625,11.394513893593693
399,donkeys,2020-03-16,44.625392165912714,11.356904607912684
459,donkeys,2020-03-16,44.51742762731552,11.386903987232857
505,donkeys,2020-03-16,44.5988122851747,11.672625369160373
523,donkeys,2020-03-16,44.509623738456895,11.35093242999124
470,donkeys,2020-03-17,44.66411929243742,11.409873029599542
602,donkeys,2020-03-17,44.488870787244736,11.303220969205434
605,donkeys,2020-03-17,44.404140328515865,11.065305228236564
394,donkeys,2020-03-18,44.62589010289973,11.695413592227274
395,donkeys,2020-03-18,44.59129479919795,11.698891866200135
403,donkeys,2020-03-18,44.509174692246326,11.505984299803119
405,donkeys,2020-03-18,44.5039053489752,11.39871106476953
414,donkeys,2020-03-18,44.527546630579536,11.328216008868708
455,donkeys,2020-03-19,44.595504967280476,11.298440107543696
623,donkeys,2020-03-19,44.523478416240906,11.19137927736632
764,donkeys,2020-03-19,44.09240985648788,11.021024730918812
771,donkeys,2020-03-19,44.132637473493105,10.942362055951795
1,donkeys,2020-03-20,44.472105965442964,11.432264843112941
481,donkeys,2020-03-20,44.47571163549391,11.303630915777887
547,donkeys,2020-03-20,44.45433468996761,11.356519612840554
556,donkeys,2020-03-20,44.717302230148015,11.433524543851613
599,donkeys,2020-03-20,44.45965057174733,11.206487690499536
606,donkeys,2020-03-20,44.53163964214438,11.517699517469843
706,donkeys,2020-03-20,44.489776417298614,11.297261387825225
710,donkeys,2020-03-20,44.503099831063196,11.207282685716127
756,donkeys,2020-03-20,44.48451196447157,11.395935719660384
781,donkeys,2020-03-20,44.41916808155549,11.0984748009065
590,donkeys,2020-03-21,44.50483773225531,11.298027006148875
619,donkeys,2020-03-21,44.55744392968506,11.224704986908321
621,donkeys,2020-03-21,44.41318001429755,11.457468004561933
652,donkeys,2020-03-21,44.52774282358513,11.282098145570615
691,donkeys,2020-03-21,44.54199963180864,11.351691979127935
709,donkeys,2020-03-21,44.48105798036148,11.367234177542565
778,donkeys,2020-03-21,44.51476989383612,11.333538072119136
620,donkeys,2020-03-22,44.526067329197225,11.162987352819174
659,donkeys,2020-03-22,44.61331418129683,11.373526048979578
728,donkeys,2020-03-22,44.45444010106944,11.407384754922617
777,donkeys,2020-03-22,44.334628253523036,11.39234603573597
477,donkeys,2020-02-24,44.66739264545454,11.155912919446743
484,donkeys,2020-03-10,44.34382117353729,11.384678324964069
513,donkeys,2020-03-10,44.526591046376055,11.551345330475135
464,donkeys,2020-03-11,44.48068503942186,11.382967323545609
479,donkeys,2020-03-12,44.50789099552533,11.512556877590457
465,donkeys,2020-03-14,44.496236169357886,11.372146996555884
482,donkeys,2020-03-15,44.539551382574494,11.480546007871444
483,donkeys,2020-03-17,44.488240266832406,11.348145978011885
492,donkeys,2020-03-17,44.49661158615773,11.366741254762982
509,donkeys,2020-03-18,44.64992170081678,11.177870690147092
473,donkeys,2020-03-20,44.6487479599714,11.40257908205561
588,donkeys,2020-03-20,44.56145467259793,11.178575487887601
529,donkeys,2020-03-21,44.49827769106942,11.320044792334082
554,donkeys,2020-03-21,44.16797676745379,10.809483840104038
558,donkeys,2020-03-21,44.49542687394569,11.385859492942927
576,donkeys,2020-03-21,44.48106698251013,11.281994015748833
579,donkeys,2020-03-21,44.47950343429615,11.514058006206493
598,donkeys,2020-03-22,44.510627430230805,11.338624207316032
715,donkeys,2020-03-22,44.73455304301573,11.307551495067244
704,donkeys,2020-03-23,44.526884176464286,11.446939717625586
731,donkeys,2020-03-13,44.59492231205721,11.320982583009936
681,donkeys,2020-03-15,44.578873663828325,11.2081851501967
572,donkeys,2020-03-16,44.62277141953629,11.627375420122945
654,donkeys,2020-03-16,44.47075616463576,11.457641331903902
573,donkeys,2020-03-17,44.58289634804864,11.600470286675344
651,donkeys,2020-03-17,44.51162667044675,11.46500652312005
555,donkeys,2020-03-18,44.46200988171941,11.341912977329025
646,donkeys,2020-03-19,44.47795286638939,11.366038375026282
732,donkeys,2020-03-19,44.5797971114956,11.289427702383511
533,donkeys,2020-03-21,44.49731132167575,11.367859557588304
612,donkeys,2020-03-21,44.557379122845084,11.225887162058052
568,donkeys,2020-03-22,44.474394546456836,11.373551735449903
648,donkeys,2020-03-23,44.50782408281578,11.447336247299157
676,donkeys,2020-03-08,44.58610769459664,11.531462609471316
653,donkeys,2020-03-10,44.603441608803216,11.207962277665635
635,donkeys,2020-03-12,44.474577303125294,11.428224336077191
643,donkeys,2020-03-12,44.517621259101205,11.042567441082882
662,donkeys,2020-03-13,44.51065562181728,11.502802031351132
613,donkeys,2020-03-14,44.5330248777196,11.359292030068216
713,donkeys,2020-03-15,44.46221336058517,11.299130970280515
628,donkeys,2020-03-16,44.46248802883498,11.386953443862637
688,donkeys,2020-03-16,44.53810350191051,11.253840180020557
636,donkeys,2020-03-17,44.51071487064166,11.35177898692165
664,donkeys,2020-03-17,44.52540849219955,11.312404620616645
699,donkeys,2020-03-20,44.49913436766824,11.159488843854035
622,donkeys,2020-03-21,44.51517381588692,11.36493429226557
726,donkeys,2020-03-23,44.50435241235415,11.297640903327904
758,donkeys,2020-03-23,44.534793757728785,11.350082103048893
765,donkeys,2020-03-23,44.51074449743753,11.47419242087915
708,donkeys,2020-03-24,44.647655931513256,11.14635320211321
784,donkeys,2020-03-24,44.626284220168976,11.171077496311893
767,donkeys,2020-03-14,44.52464740687825,11.337932785823337
752,donkeys,2020-03-17,44.48469831289739,11.375813202240927
774,donkeys,2020-03-23,44.75096524614381,11.562493618323316
449,donkeys,2020-03-12,44.47629488454859,11.49408736198174
668,donkeys,2020-03-09,44.51120690420614,11.422445931849063
672,donkeys,2020-03-10,44.52727131054088,11.426015387107602
471,donkeys,2020-03-11,44.52653391519958,11.34018782179571
490,donkeys,2020-03-11,44.663902279156154,11.312367485366368
716,donkeys,2020-03-16,44.519789817212754,11.211303912592005
680,donkeys,2020-03-17,44.48665535205927,11.335207904071627
506,donkeys,2020-03-19,44.54084092283337,11.282226145209814
675,donkeys,2020-03-21,44.673584847968236,11.104880753481684
574,donkeys,2009-03-20,44.526428516009936,11.354913322167372
230,donkeys,2016-03-20,44.530869696889475,11.397850953919418
551,donkeys,2017-03-20,44.4837036160392,11.384186185023836
349,donkeys,2020-03-08,44.45794493013673,11.332824109385712
133,donkeys,2020-03-14,44.6073161323614,11.426329385342392
